Loan_ID,Gender,Married,Dependents,Education,Self_Employed,ApplicantIncome,CoapplicantIncome,LoanAmount,Loan_Amount_Term,Credit_History,Property_Area,Loan_Status,Total_Income,Credit_Card_Debt,Existing_Personal_Loan,Employment_Type
LP001002,Male,No,0,Graduate,No,5849,0,,360,1,Urban,Y,5849,1278.26,1,Unemployed
LP001003,Male,Yes,1,Graduate,No,4583,1508,128,360,1,Rural,N,6091,2910.41,1,Salaried
LP001005,Male,Yes,0,Graduate,Yes,3000,0,66,360,1,Urban,Y,3000,1138.19,0,Self-Employed
LP001006,Male,Yes,0,Not Graduate,No,2583,2358,120,360,1,Urban,Y,4941,1578.14,0,Salaried
LP001008,Male,No,0,Graduate,No,6000,0,141,360,1,Urban,Y,6000,721.25,1,Salaried
LP001011,Male,Yes,2,Graduate,Yes,5417,4196,267,360,1,Urban,Y,9613,1155.46,1,Salaried
LP001013,Male,Yes,0,Not Graduate,No,2333,1516,95,360,1,Urban,Y,3849,293.05,0,Salaried
LP001014,Male,Yes,3+,Graduate,No,3036,2504,158,360,0,Semiurban,N,5540,2436.38,0,Salaried
LP001018,Male,Yes,2,Graduate,No,4006,1526,168,360,1,Urban,Y,5532,1773.02,0,Self-Employed
LP001020,Male,Yes,1,Graduate,No,12841,10968,349,360,1,Semiurban,N,23809,8776.78,0,Salaried
LP001024,Male,Yes,2,Graduate,No,3200,700,70,360,1,Urban,Y,3900,231.13,0,Unemployed
LP001027,Male,Yes,2,Graduate,,2500,1840,109,360,1,Urban,Y,4340,2111.23,0,Salaried
LP001028,Male,Yes,2,Graduate,No,3073,8106,200,360,1,Urban,Y,11179,4746.59,0,Self-Employed
LP001029,Male,No,0,Graduate,No,1853,2840,114,360,1,Rural,N,4693,683.08,1,Self-Employed
LP001030,Male,Yes,2,Graduate,No,1299,1086,17,120,1,Urban,Y,2385,314.39,0,Self-Employed
LP001032,Male,No,0,Graduate,No,4950,0,125,360,1,Urban,Y,4950,656.03,0,Self-Employed
LP001034,Male,No,1,Not Graduate,No,3596,0,100,240,,Urban,Y,3596,672.12,1,Self-Employed
LP001036,Female,No,0,Graduate,No,3510,0,76,360,0,Urban,N,3510,1004.35,1,Salaried
LP001038,Male,Yes,0,Not Graduate,No,4887,0,133,360,1,Rural,N,4887,1194.26,0,Salaried
LP001041,Male,Yes,0,Graduate,,2600,3500,115,,1,Urban,Y,6100,1104.42,0,Salaried
LP001043,Male,Yes,0,Not Graduate,No,7660,0,104,360,0,Urban,N,7660,2492.06,0,Unemployed
LP001046,Male,Yes,1,Graduate,No,5955,5625,315,360,1,Urban,Y,11580,1305.9,0,Salaried
LP001047,Male,Yes,0,Not Graduate,No,2600,1911,116,360,0,Semiurban,N,4511,818.59,0,Self-Employed
LP001050,,Yes,2,Not Graduate,No,3365,1917,112,360,0,Rural,N,5282,1134.91,0,Salaried
LP001052,Male,Yes,1,Graduate,,3717,2925,151,360,,Semiurban,N,6642,1695.25,0,Salaried
LP001066,Male,Yes,0,Graduate,Yes,9560,0,191,360,1,Semiurban,Y,9560,3855.83,0,Salaried
LP001068,Male,Yes,0,Graduate,No,2799,2253,122,360,1,Semiurban,Y,5052,706.54,0,Salaried
LP001073,Male,Yes,2,Not Graduate,No,4226,1040,110,360,1,Urban,Y,5266,1481.88,0,Salaried
LP001086,Male,No,0,Not Graduate,No,1442,0,35,360,1,Urban,N,1442,456.52,0,Salaried
LP001087,Female,No,2,Graduate,,3750,2083,120,360,1,Semiurban,Y,5833,413.58,0,Salaried
LP001091,Male,Yes,1,Graduate,,4166,3369,201,360,,Urban,N,7535,2436.78,0,Salaried
LP001095,Male,No,0,Graduate,No,3167,0,74,360,1,Urban,N,3167,401.37,1,Salaried
LP001097,Male,No,1,Graduate,Yes,4692,0,106,360,1,Rural,N,4692,371.95,0,Salaried
LP001098,Male,Yes,0,Graduate,No,3500,1667,114,360,1,Semiurban,Y,5167,2464.65,0,Self-Employed
LP001100,Male,No,3+,Graduate,No,12500,3000,320,360,1,Rural,N,15500,7510.28,1,Salaried
LP001106,Male,Yes,0,Graduate,No,2275,2067,,360,1,Urban,Y,4342,1796.63,0,Salaried
LP001109,Male,Yes,0,Graduate,No,1828,1330,100,,0,Urban,N,3158,590.79,0,Salaried
LP001112,Female,Yes,0,Graduate,No,3667,1459,144,360,1,Semiurban,Y,5126,481.6,0,Salaried
LP001114,Male,No,0,Graduate,No,4166,7210,184,360,1,Urban,Y,11376,4071.53,0,Salaried
LP001116,Male,No,0,Not Graduate,No,3748,1668,110,360,1,Semiurban,Y,5416,1343.54,1,Salaried
LP001119,Male,No,0,Graduate,No,3600,0,80,360,1,Urban,N,3600,377.7,0,Salaried
LP001120,Male,No,0,Graduate,No,1800,1213,47,360,1,Urban,Y,3013,822.04,0,Salaried
LP001123,Male,Yes,0,Graduate,No,2400,0,75,360,,Urban,Y,2400,157.14,0,Salaried
LP001131,Male,Yes,0,Graduate,No,3941,2336,134,360,1,Semiurban,Y,6277,2882.36,0,Self-Employed
LP001136,Male,Yes,0,Not Graduate,Yes,4695,0,96,,1,Urban,Y,4695,781.49,0,Self-Employed
LP001137,Female,No,0,Graduate,No,3410,0,88,,1,Urban,Y,3410,1187.14,0,Salaried
LP001138,Male,Yes,1,Graduate,No,5649,0,44,360,1,Urban,Y,5649,1074.84,0,Salaried
LP001144,Male,Yes,0,Graduate,No,5821,0,144,360,1,Urban,Y,5821,1653.34,1,Salaried
LP001146,Female,Yes,0,Graduate,No,2645,3440,120,360,0,Urban,N,6085,1801.28,0,Salaried
LP001151,Female,No,0,Graduate,No,4000,2275,144,360,1,Semiurban,Y,6275,835.73,0,Unemployed
LP001155,Female,Yes,0,Not Graduate,No,1928,1644,100,360,1,Semiurban,Y,3572,1737.11,0,Salaried
LP001157,Female,No,0,Graduate,No,3086,0,120,360,1,Semiurban,Y,3086,1230.73,0,Salaried
LP001164,Female,No,0,Graduate,No,4230,0,112,360,1,Semiurban,N,4230,1999.84,0,Salaried
LP001179,Male,Yes,2,Graduate,No,4616,0,134,360,1,Urban,N,4616,2089.54,0,Self-Employed
LP001186,Female,Yes,1,Graduate,Yes,11500,0,286,360,0,Urban,N,11500,3669.13,0,Salaried
LP001194,Male,Yes,2,Graduate,No,2708,1167,97,360,1,Semiurban,Y,3875,1801.27,0,Salaried
LP001195,Male,Yes,0,Graduate,No,2132,1591,96,360,1,Semiurban,Y,3723,334.41,0,Salaried
LP001197,Male,Yes,0,Graduate,No,3366,2200,135,360,1,Rural,N,5566,769.18,1,Salaried
LP001198,Male,Yes,1,Graduate,No,8080,2250,180,360,1,Urban,Y,10330,726.74,0,Salaried
LP001199,Male,Yes,2,Not Graduate,No,3357,2859,144,360,1,Urban,Y,6216,1220.81,0,Salaried
LP001205,Male,Yes,0,Graduate,No,2500,3796,120,360,1,Urban,Y,6296,1416,0,Salaried
LP001206,Male,Yes,3+,Graduate,No,3029,0,99,360,1,Urban,Y,3029,521.31,1,Salaried
LP001207,Male,Yes,0,Not Graduate,Yes,2609,3449,165,180,0,Rural,N,6058,2562.12,0,Salaried
LP001213,Male,Yes,1,Graduate,No,4945,0,,360,0,Rural,N,4945,1041.12,0,Salaried
LP001222,Female,No,0,Graduate,No,4166,0,116,360,0,Semiurban,N,4166,734.97,1,Salaried
LP001225,Male,Yes,0,Graduate,No,5726,4595,258,360,1,Semiurban,N,10321,3036.57,1,Salaried
LP001228,Male,No,0,Not Graduate,No,3200,2254,126,180,0,Urban,N,5454,618.57,1,Self-Employed
LP001233,Male,Yes,1,Graduate,No,10750,0,312,360,1,Urban,Y,10750,4418.13,0,Salaried
LP001238,Male,Yes,3+,Not Graduate,Yes,7100,0,125,60,1,Urban,Y,7100,593.19,0,Salaried
LP001241,Female,No,0,Graduate,No,4300,0,136,360,0,Semiurban,N,4300,2124.63,0,Salaried
LP001243,Male,Yes,0,Graduate,No,3208,3066,172,360,1,Urban,Y,6274,2493.98,1,Salaried
LP001245,Male,Yes,2,Not Graduate,Yes,1875,1875,97,360,1,Semiurban,Y,3750,522.83,0,Self-Employed
LP001248,Male,No,0,Graduate,No,3500,0,81,300,1,Semiurban,Y,3500,183.7,0,Salaried
LP001250,Male,Yes,3+,Not Graduate,No,4755,0,95,,0,Semiurban,N,4755,1982.63,0,Unemployed
LP001253,Male,Yes,3+,Graduate,Yes,5266,1774,187,360,1,Semiurban,Y,7040,2591.32,1,Salaried
LP001255,Male,No,0,Graduate,No,3750,0,113,480,1,Urban,N,3750,1417.7,0,Salaried
LP001256,Male,No,0,Graduate,No,3750,4750,176,360,1,Urban,N,8500,3375.11,0,Self-Employed
LP001259,Male,Yes,1,Graduate,Yes,1000,3022,110,360,1,Urban,N,4022,335.11,0,Self-Employed
LP001263,Male,Yes,3+,Graduate,No,3167,4000,180,300,0,Semiurban,N,7167,1514.46,0,Self-Employed
LP001264,Male,Yes,3+,Not Graduate,Yes,3333,2166,130,360,,Semiurban,Y,5499,561.67,0,Self-Employed
LP001265,Female,No,0,Graduate,No,3846,0,111,360,1,Semiurban,Y,3846,1686.07,0,Salaried
LP001266,Male,Yes,1,Graduate,Yes,2395,0,,360,1,Semiurban,Y,2395,791.51,0,Self-Employed
LP001267,Female,Yes,2,Graduate,No,1378,1881,167,360,1,Urban,N,3259,648.23,0,Salaried
LP001273,Male,Yes,0,Graduate,No,6000,2250,265,360,,Semiurban,N,8250,648.46,0,Self-Employed
LP001275,Male,Yes,1,Graduate,No,3988,0,50,240,1,Urban,Y,3988,757.49,0,Salaried
LP001279,Male,No,0,Graduate,No,2366,2531,136,360,1,Semiurban,Y,4897,961.44,0,Self-Employed
LP001280,Male,Yes,2,Not Graduate,No,3333,2000,99,360,,Semiurban,Y,5333,2017.6,0,Salaried
LP001282,Male,Yes,0,Graduate,No,2500,2118,104,360,1,Semiurban,Y,4618,1555.81,0,Salaried
LP001289,Male,No,0,Graduate,No,8566,0,210,360,1,Urban,Y,8566,3848.24,0,Salaried
LP001310,Male,Yes,0,Graduate,No,5695,4167,175,360,1,Semiurban,Y,9862,2588.74,0,Self-Employed
LP001316,Male,Yes,0,Graduate,No,2958,2900,131,360,1,Semiurban,Y,5858,608.16,0,Salaried
LP001318,Male,Yes,2,Graduate,No,6250,5654,188,180,1,Semiurban,Y,11904,4415.91,1,Salaried
LP001319,Male,Yes,2,Not Graduate,No,3273,1820,81,360,1,Urban,Y,5093,1998.26,0,Salaried
LP001322,Male,No,0,Graduate,No,4133,0,122,360,1,Semiurban,Y,4133,1250.54,1,Salaried
LP001325,Male,No,0,Not Graduate,No,3620,0,25,120,1,Semiurban,Y,3620,1436.91,0,Self-Employed
LP001326,Male,No,0,Graduate,,6782,0,,360,,Urban,N,6782,1846.11,0,Salaried
LP001327,Female,Yes,0,Graduate,No,2484,2302,137,360,1,Semiurban,Y,4786,1365.11,1,Unemployed
LP001333,Male,Yes,0,Graduate,No,1977,997,50,360,1,Semiurban,Y,2974,720.88,0,Salaried
LP001334,Male,Yes,0,Not Graduate,No,4188,0,115,180,1,Semiurban,Y,4188,257.3,0,Salaried
LP001343,Male,Yes,0,Graduate,No,1759,3541,131,360,1,Semiurban,Y,5300,522.32,0,Self-Employed
LP001345,Male,Yes,2,Not Graduate,No,4288,3263,133,180,1,Urban,Y,7551,484.34,0,Salaried
LP001349,Male,No,0,Graduate,No,4843,3806,151,360,1,Semiurban,Y,8649,2909.39,1,Salaried
LP001350,Male,Yes,,Graduate,No,13650,0,,360,1,Urban,Y,13650,2613.43,1,Salaried
LP001356,Male,Yes,0,Graduate,No,4652,3583,,360,1,Semiurban,Y,8235,2296.39,1,Self-Employed
LP001357,Male,,,Graduate,No,3816,754,160,360,1,Urban,Y,4570,2094.91,0,Salaried
LP001367,Male,Yes,1,Graduate,No,3052,1030,100,360,1,Urban,Y,4082,662.02,1,Unemployed
LP001369,Male,Yes,2,Graduate,No,11417,1126,225,360,1,Urban,Y,12543,2943.49,1,Unemployed
LP001370,Male,No,0,Not Graduate,,7333,0,120,360,1,Rural,N,7333,2859.86,0,Salaried
LP001379,Male,Yes,2,Graduate,No,3800,3600,216,360,0,Urban,N,7400,1131.9,0,Salaried
LP001384,Male,Yes,3+,Not Graduate,No,2071,754,94,480,1,Semiurban,Y,2825,239.11,1,Salaried
LP001385,Male,No,0,Graduate,No,5316,0,136,360,1,Urban,Y,5316,958.94,0,Salaried
LP001387,Female,Yes,0,Graduate,,2929,2333,139,360,1,Semiurban,Y,5262,644.86,1,Salaried
LP001391,Male,Yes,0,Not Graduate,No,3572,4114,152,,0,Rural,N,7686,3599.85,0,Salaried
LP001392,Female,No,1,Graduate,Yes,7451,0,,360,1,Semiurban,Y,7451,3082.14,1,Salaried
LP001398,Male,No,0,Graduate,,5050,0,118,360,1,Semiurban,Y,5050,1691.91,0,Self-Employed
LP001401,Male,Yes,1,Graduate,No,14583,0,185,180,1,Rural,Y,14583,6447.98,0,Self-Employed
LP001404,Female,Yes,0,Graduate,No,3167,2283,154,360,1,Semiurban,Y,5450,2243.51,0,Self-Employed
LP001405,Male,Yes,1,Graduate,No,2214,1398,85,360,,Urban,Y,3612,483.85,1,Salaried
LP001421,Male,Yes,0,Graduate,No,5568,2142,175,360,1,Rural,N,7710,3482.23,0,Salaried
LP001422,Female,No,0,Graduate,No,10408,0,259,360,1,Urban,Y,10408,3046.46,0,Salaried
LP001426,Male,Yes,,Graduate,No,5667,2667,180,360,1,Rural,Y,8334,3444.84,0,Unemployed
LP001430,Female,No,0,Graduate,No,4166,0,44,360,1,Semiurban,Y,4166,1888.2,1,Salaried
LP001431,Female,No,0,Graduate,No,2137,8980,137,360,0,Semiurban,Y,11117,2146.71,0,Self-Employed
LP001432,Male,Yes,2,Graduate,No,2957,0,81,360,1,Semiurban,Y,2957,294.29,1,Salaried
LP001439,Male,Yes,0,Not Graduate,No,4300,2014,194,360,1,Rural,Y,6314,963.33,0,Salaried
LP001443,Female,No,0,Graduate,No,3692,0,93,360,,Rural,Y,3692,894.2,0,Self-Employed
LP001448,,Yes,3+,Graduate,No,23803,0,370,360,1,Rural,Y,23803,9952.19,0,Salaried
LP001449,Male,No,0,Graduate,No,3865,1640,,360,1,Rural,Y,5505,2407.49,0,Self-Employed
LP001451,Male,Yes,1,Graduate,Yes,10513,3850,160,180,0,Urban,N,14363,763.08,1,Unemployed
LP001465,Male,Yes,0,Graduate,No,6080,2569,182,360,,Rural,N,8649,2420.3,0,Salaried
LP001469,Male,No,0,Graduate,Yes,20166,0,650,480,,Urban,Y,20166,4796.18,0,Salaried
LP001473,Male,No,0,Graduate,No,2014,1929,74,360,1,Urban,Y,3943,591.25,1,Salaried
LP001478,Male,No,0,Graduate,No,2718,0,70,360,1,Semiurban,Y,2718,282.51,0,Unemployed
LP001482,Male,Yes,0,Graduate,Yes,3459,0,25,120,1,Semiurban,Y,3459,698.46,0,Salaried
LP001487,Male,No,0,Graduate,No,4895,0,102,360,1,Semiurban,Y,4895,2321.74,1,Salaried
LP001488,Male,Yes,3+,Graduate,No,4000,7750,290,360,1,Semiurban,N,11750,2296.44,0,Salaried
LP001489,Female,Yes,0,Graduate,No,4583,0,84,360,1,Rural,N,4583,1299.08,0,Self-Employed
LP001491,Male,Yes,2,Graduate,Yes,3316,3500,88,360,1,Urban,Y,6816,2497.1,1,Salaried
LP001492,Male,No,0,Graduate,No,14999,0,242,360,0,Semiurban,N,14999,3204.29,0,Self-Employed
LP001493,Male,Yes,2,Not Graduate,No,4200,1430,129,360,1,Rural,N,5630,2743.51,0,Unemployed
LP001497,Male,Yes,2,Graduate,No,5042,2083,185,360,1,Rural,N,7125,3442.1,0,Salaried
LP001498,Male,No,0,Graduate,No,5417,0,168,360,1,Urban,Y,5417,884.61,1,Salaried
LP001504,Male,No,0,Graduate,Yes,6950,0,175,180,1,Semiurban,Y,6950,1902.64,0,Unemployed
LP001507,Male,Yes,0,Graduate,No,2698,2034,122,360,1,Semiurban,Y,4732,877.29,0,Salaried
LP001508,Male,Yes,2,Graduate,No,11757,0,187,180,1,Urban,Y,11757,2094.84,1,Self-Employed
LP001514,Female,Yes,0,Graduate,No,2330,4486,100,360,1,Semiurban,Y,6816,453.94,1,Salaried
LP001516,Female,Yes,2,Graduate,No,14866,0,70,360,1,Urban,Y,14866,4821.1,0,Salaried
LP001518,Male,Yes,1,Graduate,No,1538,1425,30,360,1,Urban,Y,2963,818.4,0,Self-Employed
LP001519,Female,No,0,Graduate,No,10000,1666,225,360,1,Rural,N,11666,853.55,0,Salaried
LP001520,Male,Yes,0,Graduate,No,4860,830,125,360,1,Semiurban,Y,5690,997.97,1,Salaried
LP001528,Male,No,0,Graduate,No,6277,0,118,360,0,Rural,N,6277,2879.38,0,Salaried
LP001529,Male,Yes,0,Graduate,Yes,2577,3750,152,360,1,Rural,Y,6327,998.42,0,Salaried
LP001531,Male,No,0,Graduate,No,9166,0,244,360,1,Urban,N,9166,1055.95,1,Salaried
LP001532,Male,Yes,2,Not Graduate,No,2281,0,113,360,1,Rural,N,2281,616.45,1,Salaried
LP001535,Male,No,0,Graduate,No,3254,0,50,360,1,Urban,Y,3254,1605.99,0,Unemployed
LP001536,Male,Yes,3+,Graduate,No,39999,0,600,180,0,Semiurban,Y,39999,6356.84,1,Salaried
LP001541,Male,Yes,1,Graduate,No,6000,0,160,360,,Rural,Y,6000,2114.77,0,Salaried
LP001543,Male,Yes,1,Graduate,No,9538,0,187,360,1,Urban,Y,9538,3745.85,1,Salaried
LP001546,Male,No,0,Graduate,,2980,2083,120,360,1,Rural,Y,5063,794.57,0,Self-Employed
LP001552,Male,Yes,0,Graduate,No,4583,5625,255,360,1,Semiurban,Y,10208,3855.53,0,Salaried
LP001560,Male,Yes,0,Not Graduate,No,1863,1041,98,360,1,Semiurban,Y,2904,625.82,1,Unemployed
LP001562,Male,Yes,0,Graduate,No,7933,0,275,360,1,Urban,N,7933,2653.89,0,Salaried
LP001565,Male,Yes,1,Graduate,No,3089,1280,121,360,0,Semiurban,N,4369,1464,0,Salaried
LP001570,Male,Yes,2,Graduate,No,4167,1447,158,360,1,Rural,Y,5614,1634.23,1,Salaried
LP001572,Male,Yes,0,Graduate,No,9323,0,75,180,1,Urban,Y,9323,844.95,1,Salaried
LP001574,Male,Yes,0,Graduate,No,3707,3166,182,,1,Rural,Y,6873,2927.12,0,Salaried
LP001577,Female,Yes,0,Graduate,No,4583,0,112,360,1,Rural,N,4583,890.71,0,Salaried
LP001578,Male,Yes,0,Graduate,No,2439,3333,129,360,1,Rural,Y,5772,773.06,0,Self-Employed
LP001579,Male,No,0,Graduate,No,2237,0,63,480,0,Semiurban,N,2237,152.9,0,Salaried
LP001580,Male,Yes,2,Graduate,No,8000,0,200,360,1,Semiurban,Y,8000,2527.21,0,Salaried
LP001581,Male,Yes,0,Not Graduate,,1820,1769,95,360,1,Rural,Y,3589,1273.75,0,Salaried
LP001585,,Yes,3+,Graduate,No,51763,0,700,300,1,Urban,Y,51763,2974.54,1,Self-Employed
LP001586,Male,Yes,3+,Not Graduate,No,3522,0,81,180,1,Rural,N,3522,987.72,0,Salaried
LP001594,Male,Yes,0,Graduate,No,5708,5625,187,360,1,Semiurban,Y,11333,1721.74,0,Salaried
LP001603,Male,Yes,0,Not Graduate,Yes,4344,736,87,360,1,Semiurban,N,5080,1728.86,0,Salaried
LP001606,Male,Yes,0,Graduate,No,3497,1964,116,360,1,Rural,Y,5461,701.55,1,Self-Employed
LP001608,Male,Yes,2,Graduate,No,2045,1619,101,360,1,Rural,Y,3664,1322.42,0,Salaried
LP001610,Male,Yes,3+,Graduate,No,5516,11300,495,360,0,Semiurban,N,16816,3767.3,0,Salaried
LP001616,Male,Yes,1,Graduate,No,3750,0,116,360,1,Semiurban,Y,3750,1768.23,0,Self-Employed
LP001630,Male,No,0,Not Graduate,No,2333,1451,102,480,0,Urban,N,3784,423.37,0,Self-Employed
LP001633,Male,Yes,1,Graduate,No,6400,7250,180,360,0,Urban,N,13650,2777.5,0,Salaried
LP001634,Male,No,0,Graduate,No,1916,5063,67,360,,Rural,N,6979,705.32,1,Self-Employed
LP001636,Male,Yes,0,Graduate,No,4600,0,73,180,1,Semiurban,Y,4600,2144.12,1,Salaried
LP001637,Male,Yes,1,Graduate,No,33846,0,260,360,1,Semiurban,N,33846,15054.79,0,Salaried
LP001639,Female,Yes,0,Graduate,No,3625,0,108,360,1,Semiurban,Y,3625,602.02,0,Salaried
LP001640,Male,Yes,0,Graduate,Yes,39147,4750,120,360,1,Semiurban,Y,43897,15231.94,1,Salaried
LP001641,Male,Yes,1,Graduate,Yes,2178,0,66,300,0,Rural,N,2178,909.86,1,Salaried
LP001643,Male,Yes,0,Graduate,No,2383,2138,58,360,,Rural,Y,4521,1355.58,0,Unemployed
LP001644,,Yes,0,Graduate,Yes,674,5296,168,360,1,Rural,Y,5970,1721.41,0,Salaried
LP001647,Male,Yes,0,Graduate,No,9328,0,188,180,1,Rural,Y,9328,1481.6,0,Salaried
LP001653,Male,No,0,Not Graduate,No,4885,0,48,360,1,Rural,Y,4885,448.91,0,Salaried
LP001656,Male,No,0,Graduate,No,12000,0,164,360,1,Semiurban,N,12000,5444.97,1,Unemployed
LP001657,Male,Yes,0,Not Graduate,No,6033,0,160,360,1,Urban,N,6033,2746.15,1,Salaried
LP001658,Male,No,0,Graduate,No,3858,0,76,360,1,Semiurban,Y,3858,1292.03,1,Salaried
LP001664,Male,No,0,Graduate,No,4191,0,120,360,1,Rural,Y,4191,848.94,0,Salaried
LP001665,Male,Yes,1,Graduate,No,3125,2583,170,360,1,Semiurban,N,5708,1182.38,0,Salaried
LP001666,Male,No,0,Graduate,No,8333,3750,187,360,1,Rural,Y,12083,4551.43,1,Unemployed
LP001669,Female,No,0,Not Graduate,No,1907,2365,120,,1,Urban,Y,4272,1938.2,1,Unemployed
LP001671,Female,Yes,0,Graduate,No,3416,2816,113,360,,Semiurban,Y,6232,2799.35,0,Salaried
LP001673,Male,No,0,Graduate,Yes,11000,0,83,360,1,Urban,N,11000,4410.38,1,Unemployed
LP001674,Male,Yes,1,Not Graduate,No,2600,2500,90,360,1,Semiurban,Y,5100,1728.46,1,Salaried
LP001677,Male,No,2,Graduate,No,4923,0,166,360,0,Semiurban,Y,4923,432.55,0,Self-Employed
LP001682,Male,Yes,3+,Not Graduate,No,3992,0,,180,1,Urban,N,3992,489.95,0,Salaried
LP001688,Male,Yes,1,Not Graduate,No,3500,1083,135,360,1,Urban,Y,4583,2082.28,0,Salaried
LP001691,Male,Yes,2,Not Graduate,No,3917,0,124,360,1,Semiurban,Y,3917,1264.77,0,Salaried
LP001692,Female,No,0,Not Graduate,No,4408,0,120,360,1,Semiurban,Y,4408,238.64,0,Salaried
LP001693,Female,No,0,Graduate,No,3244,0,80,360,1,Urban,Y,3244,310.33,1,Salaried
LP001698,Male,No,0,Not Graduate,No,3975,2531,55,360,1,Rural,Y,6506,2267.83,0,Salaried
LP001699,Male,No,0,Graduate,No,2479,0,59,360,1,Urban,Y,2479,129.6,0,Salaried
LP001702,Male,No,0,Graduate,No,3418,0,127,360,1,Semiurban,N,3418,418.24,0,Self-Employed
LP001708,Female,No,0,Graduate,No,10000,0,214,360,1,Semiurban,N,10000,2969.3,0,Salaried
LP001711,Male,Yes,3+,Graduate,No,3430,1250,128,360,0,Semiurban,N,4680,1691.13,1,Salaried
LP001713,Male,Yes,1,Graduate,Yes,7787,0,240,360,1,Urban,Y,7787,2673.92,0,Unemployed
LP001715,Male,Yes,3+,Not Graduate,Yes,5703,0,130,360,1,Rural,Y,5703,860.7,0,Salaried
LP001716,Male,Yes,0,Graduate,No,3173,3021,137,360,1,Urban,Y,6194,2294.76,1,Salaried
LP001720,Male,Yes,3+,Not Graduate,No,3850,983,100,360,1,Semiurban,Y,4833,757.63,0,Salaried
LP001722,Male,Yes,0,Graduate,No,150,1800,135,360,1,Rural,N,1950,383.04,0,Self-Employed
LP001726,Male,Yes,0,Graduate,No,3727,1775,131,360,1,Semiurban,Y,5502,2123.34,0,Salaried
LP001732,Male,Yes,2,Graduate,,5000,0,72,360,0,Semiurban,N,5000,1711.67,0,Salaried
LP001734,Female,Yes,2,Graduate,No,4283,2383,127,360,,Semiurban,Y,6666,2880.72,0,Self-Employed
LP001736,Male,Yes,0,Graduate,No,2221,0,60,360,0,Urban,N,2221,768.3,0,Unemployed
LP001743,Male,Yes,2,Graduate,No,4009,1717,116,360,1,Semiurban,Y,5726,1750.66,0,Salaried
LP001744,Male,No,0,Graduate,No,2971,2791,144,360,1,Semiurban,Y,5762,530.99,1,Salaried
LP001749,Male,Yes,0,Graduate,No,7578,1010,175,,1,Semiurban,Y,8588,1850.47,0,Salaried
LP001750,Male,Yes,0,Graduate,No,6250,0,128,360,1,Semiurban,Y,6250,1058.38,0,Self-Employed
LP001751,Male,Yes,0,Graduate,No,3250,0,170,360,1,Rural,N,3250,519.33,0,Salaried
LP001754,Male,Yes,,Not Graduate,Yes,4735,0,138,360,1,Urban,N,4735,2309.99,0,Salaried
LP001758,Male,Yes,2,Graduate,No,6250,1695,210,360,1,Semiurban,Y,7945,1802.67,0,Unemployed
LP001760,Male,,,Graduate,No,4758,0,158,480,1,Semiurban,Y,4758,2147.86,0,Salaried
LP001761,Male,No,0,Graduate,Yes,6400,0,200,360,1,Rural,Y,6400,2137.68,1,Salaried
LP001765,Male,Yes,1,Graduate,No,2491,2054,104,360,1,Semiurban,Y,4545,1852.84,0,Salaried
LP001768,Male,Yes,0,Graduate,,3716,0,42,180,1,Rural,Y,3716,1026.31,0,Salaried
LP001770,Male,No,0,Not Graduate,No,3189,2598,120,,1,Rural,Y,5787,1791.69,0,Salaried
LP001776,Female,No,0,Graduate,No,8333,0,280,360,1,Semiurban,Y,8333,2263.52,1,Salaried
LP001778,Male,Yes,1,Graduate,No,3155,1779,140,360,1,Semiurban,Y,4934,680.2,0,Salaried
LP001784,Male,Yes,1,Graduate,No,5500,1260,170,360,1,Rural,Y,6760,2535.7,0,Salaried
LP001786,Male,Yes,0,Graduate,,5746,0,255,360,,Urban,N,5746,1013.29,0,Unemployed
LP001788,Female,No,0,Graduate,Yes,3463,0,122,360,,Urban,Y,3463,211.04,1,Salaried
LP001790,Female,No,1,Graduate,No,3812,0,112,360,1,Rural,Y,3812,1297.84,0,Unemployed
LP001792,Male,Yes,1,Graduate,No,3315,0,96,360,1,Semiurban,Y,3315,429.95,1,Salaried
LP001798,Male,Yes,2,Graduate,No,5819,5000,120,360,1,Rural,Y,10819,5119.62,0,Self-Employed
LP001800,Male,Yes,1,Not Graduate,No,2510,1983,140,180,1,Urban,N,4493,2153.35,0,Self-Employed
LP001806,Male,No,0,Graduate,No,2965,5701,155,60,1,Urban,Y,8666,4001,0,Salaried
LP001807,Male,Yes,2,Graduate,Yes,6250,1300,108,360,1,Rural,Y,7550,1635.11,0,Self-Employed
LP001811,Male,Yes,0,Not Graduate,No,3406,4417,123,360,1,Semiurban,Y,7823,445.56,0,Self-Employed
LP001813,Male,No,0,Graduate,Yes,6050,4333,120,180,1,Urban,N,10383,4856.58,0,Salaried
LP001814,Male,Yes,2,Graduate,No,9703,0,112,360,1,Urban,Y,9703,2354.75,1,Salaried
LP001819,Male,Yes,1,Not Graduate,No,6608,0,137,180,1,Urban,Y,6608,3204.84,0,Salaried
LP001824,Male,Yes,1,Graduate,No,2882,1843,123,480,1,Semiurban,Y,4725,2285.15,0,Self-Employed
LP001825,Male,Yes,0,Graduate,No,1809,1868,90,360,1,Urban,Y,3677,1595.28,0,Self-Employed
LP001835,Male,Yes,0,Not Graduate,No,1668,3890,201,360,0,Semiurban,N,5558,1014.35,0,Self-Employed
LP001836,Female,No,2,Graduate,No,3427,0,138,360,1,Urban,N,3427,765.23,0,Salaried
LP001841,Male,No,0,Not Graduate,Yes,2583,2167,104,360,1,Rural,Y,4750,2056.8,0,Self-Employed
LP001843,Male,Yes,1,Not Graduate,No,2661,7101,279,180,1,Semiurban,Y,9762,1880.31,0,Salaried
LP001844,Male,No,0,Graduate,Yes,16250,0,192,360,0,Urban,N,16250,2051.92,1,Salaried
LP001846,Female,No,3+,Graduate,No,3083,0,255,360,1,Rural,Y,3083,926.63,1,Salaried
LP001849,Male,No,0,Not Graduate,No,6045,0,115,360,0,Rural,N,6045,2848.83,0,Salaried
LP001854,Male,Yes,3+,Graduate,No,5250,0,94,360,1,Urban,N,5250,1906.87,0,Salaried
LP001859,Male,Yes,0,Graduate,No,14683,2100,304,360,1,Rural,N,16783,5144.45,0,Salaried
LP001864,Male,Yes,3+,Not Graduate,No,4931,0,128,360,,Semiurban,N,4931,462.18,0,Salaried
LP001865,Male,Yes,1,Graduate,No,6083,4250,330,360,,Urban,Y,10333,3376.34,0,Salaried
LP001868,Male,No,0,Graduate,No,2060,2209,134,360,1,Semiurban,Y,4269,2115.39,0,Salaried
LP001870,Female,No,1,Graduate,No,3481,0,155,36,1,Semiurban,N,3481,393.48,1,Salaried
LP001871,Female,No,0,Graduate,No,7200,0,120,360,1,Rural,Y,7200,2039.39,0,Salaried
LP001872,Male,No,0,Graduate,Yes,5166,0,128,360,1,Semiurban,Y,5166,2297.93,0,Salaried
LP001875,Male,No,0,Graduate,No,4095,3447,151,360,1,Rural,Y,7542,2891.19,0,Salaried
LP001877,Male,Yes,2,Graduate,No,4708,1387,150,360,1,Semiurban,Y,6095,2216.49,0,Salaried
LP001882,Male,Yes,3+,Graduate,No,4333,1811,160,360,0,Urban,Y,6144,2249.43,0,Salaried
LP001883,Female,No,0,Graduate,,3418,0,135,360,1,Rural,N,3418,723.83,0,Salaried
LP001884,Female,No,1,Graduate,No,2876,1560,90,360,1,Urban,Y,4436,807.87,0,Salaried
LP001888,Female,No,0,Graduate,No,3237,0,30,360,1,Urban,Y,3237,1340.81,1,Salaried
LP001891,Male,Yes,0,Graduate,No,11146,0,136,360,1,Urban,Y,11146,4620.59,0,Self-Employed
LP001892,Male,No,0,Graduate,No,2833,1857,126,360,1,Rural,Y,4690,2064.46,0,Salaried
LP001894,Male,Yes,0,Graduate,No,2620,2223,150,360,1,Semiurban,Y,4843,2232.42,0,Salaried
LP001896,Male,Yes,2,Graduate,No,3900,0,90,360,1,Semiurban,Y,3900,1092.41,0,Salaried
LP001900,Male,Yes,1,Graduate,No,2750,1842,115,360,1,Semiurban,Y,4592,1265.93,0,Salaried
LP001903,Male,Yes,0,Graduate,No,3993,3274,207,360,1,Semiurban,Y,7267,2973.89,1,Salaried
LP001904,Male,Yes,0,Graduate,No,3103,1300,80,360,1,Urban,Y,4403,1507.96,1,Salaried
LP001907,Male,Yes,0,Graduate,No,14583,0,436,360,1,Semiurban,Y,14583,5335.7,1,Salaried
LP001908,Female,Yes,0,Not Graduate,No,4100,0,124,360,,Rural,Y,4100,1673.24,0,Salaried
LP001910,Male,No,1,Not Graduate,Yes,4053,2426,158,360,0,Urban,N,6479,2918.81,0,Salaried
LP001914,Male,Yes,0,Graduate,No,3927,800,112,360,1,Semiurban,Y,4727,955.32,0,Self-Employed
LP001915,Male,Yes,2,Graduate,No,2301,985.7999878,78,180,1,Urban,Y,3286.799988,719.85,0,Self-Employed
LP001917,Female,No,0,Graduate,No,1811,1666,54,360,1,Urban,Y,3477,320.9,1,Self-Employed
LP001922,Male,Yes,0,Graduate,No,20667,0,,360,1,Rural,N,20667,6411.44,0,Unemployed
LP001924,Male,No,0,Graduate,No,3158,3053,89,360,1,Rural,Y,6211,411.01,0,Salaried
LP001925,Female,No,0,Graduate,Yes,2600,1717,99,300,1,Semiurban,N,4317,1120.34,0,Salaried
LP001926,Male,Yes,0,Graduate,No,3704,2000,120,360,1,Rural,Y,5704,1678.06,0,Salaried
LP001931,Female,No,0,Graduate,No,4124,0,115,360,1,Semiurban,Y,4124,737.96,0,Salaried
LP001935,Male,No,0,Graduate,No,9508,0,187,360,1,Rural,Y,9508,3003.34,0,Self-Employed
LP001936,Male,Yes,0,Graduate,No,3075,2416,139,360,1,Rural,Y,5491,349.91,0,Salaried
LP001938,Male,Yes,2,Graduate,No,4400,0,127,360,0,Semiurban,N,4400,293.95,1,Unemployed
LP001940,Male,Yes,2,Graduate,No,3153,1560,134,360,1,Urban,Y,4713,1980.26,1,Salaried
LP001945,Female,No,,Graduate,No,5417,0,143,480,0,Urban,N,5417,1148.87,0,Unemployed
LP001947,Male,Yes,0,Graduate,No,2383,3334,172,360,1,Semiurban,Y,5717,612.73,0,Salaried
LP001949,Male,Yes,3+,Graduate,,4416,1250,110,360,1,Urban,Y,5666,1614.86,0,Salaried
LP001953,Male,Yes,1,Graduate,No,6875,0,200,360,1,Semiurban,Y,6875,2725.92,0,Salaried
LP001954,Female,Yes,1,Graduate,No,4666,0,135,360,1,Urban,Y,4666,686.46,0,Salaried
LP001955,Female,No,0,Graduate,No,5000,2541,151,480,1,Rural,N,7541,2490.8,0,Salaried
LP001963,Male,Yes,1,Graduate,No,2014,2925,113,360,1,Urban,N,4939,436.64,0,Salaried
LP001964,Male,Yes,0,Not Graduate,No,1800,2934,93,360,0,Urban,N,4734,346.8,0,Self-Employed
LP001972,Male,Yes,,Not Graduate,No,2875,1750,105,360,1,Semiurban,Y,4625,1337.13,0,Salaried
LP001974,Female,No,0,Graduate,No,5000,0,132,360,1,Rural,Y,5000,1466.43,0,Salaried
LP001977,Male,Yes,1,Graduate,No,1625,1803,96,360,1,Urban,Y,3428,1154.7,1,Salaried
LP001978,Male,No,0,Graduate,No,4000,2500,140,360,1,Rural,Y,6500,2448.82,1,Self-Employed
LP001990,Male,No,0,Not Graduate,No,2000,0,,360,1,Urban,N,2000,978.27,0,Salaried
LP001993,Female,No,0,Graduate,No,3762,1666,135,360,1,Rural,Y,5428,1532.52,1,Salaried
LP001994,Female,No,0,Graduate,No,2400,1863,104,360,0,Urban,N,4263,832.69,0,Salaried
LP001996,Male,No,0,Graduate,No,20233,0,480,360,1,Rural,N,20233,8251.7,1,Salaried
LP001998,Male,Yes,2,Not Graduate,No,7667,0,185,360,,Rural,Y,7667,1317.76,1,Salaried
LP002002,Female,No,0,Graduate,No,2917,0,84,360,1,Semiurban,Y,2917,722.07,0,Salaried
LP002004,Male,No,0,Not Graduate,No,2927,2405,111,360,1,Semiurban,Y,5332,454.85,0,Salaried
LP002006,Female,No,0,Graduate,No,2507,0,56,360,1,Rural,Y,2507,153.95,0,Self-Employed
LP002008,Male,Yes,2,Graduate,Yes,5746,0,144,84,,Rural,Y,5746,2776.42,0,Salaried
LP002024,,Yes,0,Graduate,No,2473,1843,159,360,1,Rural,N,4316,1839.44,0,Salaried
LP002031,Male,Yes,1,Not Graduate,No,3399,1640,111,180,1,Urban,Y,5039,1830.11,0,Salaried
LP002035,Male,Yes,2,Graduate,No,3717,0,120,360,1,Semiurban,Y,3717,869.89,0,Unemployed
LP002036,Male,Yes,0,Graduate,No,2058,2134,88,360,,Urban,Y,4192,536.5,1,Salaried
LP002043,Female,No,1,Graduate,No,3541,0,112,360,,Semiurban,Y,3541,426.32,1,Self-Employed
LP002050,Male,Yes,1,Graduate,Yes,10000,0,155,360,1,Rural,N,10000,1626.09,0,Salaried
LP002051,Male,Yes,0,Graduate,No,2400,2167,115,360,1,Semiurban,Y,4567,1357.09,0,Salaried
LP002053,Male,Yes,3+,Graduate,No,4342,189,124,360,1,Semiurban,Y,4531,1683.58,0,Salaried
LP002054,Male,Yes,2,Not Graduate,No,3601,1590,,360,1,Rural,Y,5191,1801.74,0,Unemployed
LP002055,Female,No,0,Graduate,No,3166,2985,132,360,,Rural,Y,6151,1082.39,1,Salaried
LP002065,Male,Yes,3+,Graduate,No,15000,0,300,360,1,Rural,Y,15000,7195.34,0,Self-Employed
LP002067,Male,Yes,1,Graduate,Yes,8666,4983,376,360,0,Rural,N,13649,5214.65,0,Self-Employed
LP002068,Male,No,0,Graduate,No,4917,0,130,360,0,Rural,Y,4917,1472.44,0,Salaried
LP002082,Male,Yes,0,Graduate,Yes,5818,2160,184,360,1,Semiurban,Y,7978,2595.04,0,Salaried
LP002086,Female,Yes,0,Graduate,No,4333,2451,110,360,1,Urban,N,6784,1620.16,0,Salaried
LP002087,Female,No,0,Graduate,No,2500,0,67,360,1,Urban,Y,2500,403.7,1,Salaried
LP002097,Male,No,1,Graduate,No,4384,1793,117,360,1,Urban,Y,6177,1298.33,0,Self-Employed
LP002098,Male,No,0,Graduate,No,2935,0,98,360,1,Semiurban,Y,2935,1147.68,0,Unemployed
LP002100,Male,No,,Graduate,No,2833,0,71,360,1,Urban,Y,2833,160,0,Salaried
LP002101,Male,Yes,0,Graduate,,63337,0,490,180,1,Urban,Y,63337,6475.11,1,Salaried
LP002103,,Yes,1,Graduate,Yes,9833,1833,182,180,1,Urban,Y,11666,824.8,1,Self-Employed
LP002106,Male,Yes,,Graduate,Yes,5503,4490,70,,1,Semiurban,Y,9993,682.8,0,Salaried
LP002110,Male,Yes,1,Graduate,,5250,688,160,360,1,Rural,Y,5938,2582.78,0,Self-Employed
LP002112,Male,Yes,2,Graduate,Yes,2500,4600,176,360,1,Rural,Y,7100,2603.19,0,Salaried
LP002113,Female,No,3+,Not Graduate,No,1830,0,,360,0,Urban,N,1830,481.98,0,Salaried
LP002114,Female,No,0,Graduate,No,4160,0,71,360,1,Semiurban,Y,4160,391.15,1,Salaried
LP002115,Male,Yes,3+,Not Graduate,No,2647,1587,173,360,1,Rural,N,4234,1148.38,0,Salaried
LP002116,Female,No,0,Graduate,No,2378,0,46,360,1,Rural,N,2378,625.56,0,Salaried
LP002119,Male,Yes,1,Not Graduate,No,4554,1229,158,360,1,Urban,Y,5783,739.88,0,Salaried
LP002126,Male,Yes,3+,Not Graduate,No,3173,0,74,360,1,Semiurban,Y,3173,778.13,0,Salaried
LP002128,Male,Yes,2,Graduate,,2583,2330,125,360,1,Rural,Y,4913,1126.68,0,Self-Employed
LP002129,Male,Yes,0,Graduate,No,2499,2458,160,360,1,Semiurban,Y,4957,1621.6,1,Self-Employed
LP002130,Male,Yes,,Not Graduate,No,3523,3230,152,360,0,Rural,N,6753,2267.6,0,Salaried
LP002131,Male,Yes,2,Not Graduate,No,3083,2168,126,360,1,Urban,Y,5251,369.6,0,Salaried
LP002137,Male,Yes,0,Graduate,No,6333,4583,259,360,,Semiurban,Y,10916,2385.97,0,Salaried
LP002138,Male,Yes,0,Graduate,No,2625,6250,187,360,1,Rural,Y,8875,2943.28,0,Salaried
LP002139,Male,Yes,0,Graduate,No,9083,0,228,360,1,Semiurban,Y,9083,2510.64,0,Salaried
LP002140,Male,No,0,Graduate,No,8750,4167,308,360,1,Rural,N,12917,5624.33,0,Salaried
LP002141,Male,Yes,3+,Graduate,No,2666,2083,95,360,1,Rural,Y,4749,1645.11,1,Salaried
LP002142,Female,Yes,0,Graduate,Yes,5500,0,105,360,0,Rural,N,5500,678.26,0,Salaried
LP002143,Female,Yes,0,Graduate,No,2423,505,130,360,1,Semiurban,Y,2928,239.38,0,Salaried
LP002144,Female,No,,Graduate,No,3813,0,116,180,1,Urban,Y,3813,1292.95,0,Salaried
LP002149,Male,Yes,2,Graduate,No,8333,3167,165,360,1,Rural,Y,11500,712.2,0,Unemployed
LP002151,Male,Yes,1,Graduate,No,3875,0,67,360,1,Urban,N,3875,1215.2,1,Salaried
LP002158,Male,Yes,0,Not Graduate,No,3000,1666,100,480,0,Urban,N,4666,2207.5,1,Salaried
LP002160,Male,Yes,3+,Graduate,No,5167,3167,200,360,1,Semiurban,Y,8334,2574.9,0,Salaried
LP002161,Female,No,1,Graduate,No,4723,0,81,360,1,Semiurban,N,4723,1061.15,0,Salaried
LP002170,Male,Yes,2,Graduate,No,5000,3667,236,360,1,Semiurban,Y,8667,2942.27,0,Self-Employed
LP002175,Male,Yes,0,Graduate,No,4750,2333,130,360,1,Urban,Y,7083,1814.76,0,Salaried
LP002178,Male,Yes,0,Graduate,No,3013,3033,95,300,,Urban,Y,6046,1786.76,0,Unemployed
LP002180,Male,No,0,Graduate,Yes,6822,0,141,360,1,Rural,Y,6822,3231.3,0,Salaried
LP002181,Male,No,0,Not Graduate,No,6216,0,133,360,1,Rural,N,6216,1390.81,0,Salaried
LP002187,Male,No,0,Graduate,No,2500,0,96,480,1,Semiurban,N,2500,1206.34,0,Self-Employed
LP002188,Male,No,0,Graduate,No,5124,0,124,,0,Rural,N,5124,2343.76,1,Salaried
LP002190,Male,Yes,1,Graduate,No,6325,0,175,360,1,Semiurban,Y,6325,873.52,0,Salaried
LP002191,Male,Yes,0,Graduate,No,19730,5266,570,360,1,Rural,N,24996,2029.99,0,Salaried
LP002194,Female,No,0,Graduate,Yes,15759,0,55,360,1,Semiurban,Y,15759,1502.62,1,Salaried
LP002197,Male,Yes,2,Graduate,No,5185,0,155,360,1,Semiurban,Y,5185,301.77,0,Self-Employed
LP002201,Male,Yes,2,Graduate,Yes,9323,7873,380,300,1,Rural,Y,17196,1590.62,0,Salaried
LP002205,Male,No,1,Graduate,No,3062,1987,111,180,0,Urban,N,5049,1804.28,0,Salaried
LP002209,Female,No,0,Graduate,,2764,1459,110,360,1,Urban,Y,4223,346.43,0,Salaried
LP002211,Male,Yes,0,Graduate,No,4817,923,120,180,1,Urban,Y,5740,1110.91,1,Salaried
LP002219,Male,Yes,3+,Graduate,No,8750,4996,130,360,1,Rural,Y,13746,5913.45,1,Salaried
LP002223,Male,Yes,0,Graduate,No,4310,0,130,360,,Semiurban,Y,4310,260.64,0,Salaried
LP002224,Male,No,0,Graduate,No,3069,0,71,480,1,Urban,N,3069,1278.27,0,Salaried
LP002225,Male,Yes,2,Graduate,No,5391,0,130,360,1,Urban,Y,5391,953.32,0,Self-Employed
LP002226,Male,Yes,0,Graduate,,3333,2500,128,360,1,Semiurban,Y,5833,601.81,0,Salaried
LP002229,Male,No,0,Graduate,No,5941,4232,296,360,1,Semiurban,Y,10173,3698.21,0,Salaried
LP002231,Female,No,0,Graduate,No,6000,0,156,360,1,Urban,Y,6000,1998.15,1,Self-Employed
LP002234,Male,No,0,Graduate,Yes,7167,0,128,360,1,Urban,Y,7167,3188.33,0,Salaried
LP002236,Male,Yes,2,Graduate,No,4566,0,100,360,1,Urban,N,4566,1738.65,1,Salaried
LP002237,Male,No,1,Graduate,,3667,0,113,180,1,Urban,Y,3667,1509.21,0,Salaried
LP002239,Male,No,0,Not Graduate,No,2346,1600,132,360,1,Semiurban,Y,3946,698.11,0,Salaried
LP002243,Male,Yes,0,Not Graduate,No,3010,3136,,360,0,Urban,N,6146,798.04,0,Salaried
LP002244,Male,Yes,0,Graduate,No,2333,2417,136,360,1,Urban,Y,4750,1841.94,1,Unemployed
LP002250,Male,Yes,0,Graduate,No,5488,0,125,360,1,Rural,Y,5488,2266.96,1,Salaried
LP002255,Male,No,3+,Graduate,No,9167,0,185,360,1,Rural,Y,9167,4544.33,1,Salaried
LP002262,Male,Yes,3+,Graduate,No,9504,0,275,360,1,Rural,Y,9504,2239.88,0,Self-Employed
LP002263,Male,Yes,0,Graduate,No,2583,2115,120,360,,Urban,Y,4698,1021.38,0,Salaried
LP002265,Male,Yes,2,Not Graduate,No,1993,1625,113,180,1,Semiurban,Y,3618,1444.98,1,Salaried
LP002266,Male,Yes,2,Graduate,No,3100,1400,113,360,1,Urban,Y,4500,915.13,0,Salaried
LP002272,Male,Yes,2,Graduate,No,3276,484,135,360,,Semiurban,Y,3760,1762.84,0,Unemployed
LP002277,Female,No,0,Graduate,No,3180,0,71,360,0,Urban,N,3180,1387.39,0,Salaried
LP002281,Male,Yes,0,Graduate,No,3033,1459,95,360,1,Urban,Y,4492,1091.77,1,Salaried
LP002284,Male,No,0,Not Graduate,No,3902,1666,109,360,1,Rural,Y,5568,2159.78,1,Salaried
LP002287,Female,No,0,Graduate,No,1500,1800,103,360,0,Semiurban,N,3300,1285.5,0,Salaried
LP002288,Male,Yes,2,Not Graduate,No,2889,0,45,180,0,Urban,N,2889,278.52,1,Salaried
LP002296,Male,No,0,Not Graduate,No,2755,0,65,300,1,Rural,N,2755,1256.69,1,Salaried
LP002297,Male,No,0,Graduate,No,2500,20000,103,360,1,Semiurban,Y,22500,6240.68,0,Self-Employed
LP002300,Female,No,0,Not Graduate,No,1963,0,53,360,1,Semiurban,Y,1963,828.2,0,Salaried
LP002301,Female,No,0,Graduate,Yes,7441,0,194,360,1,Rural,N,7441,1443.72,1,Salaried
LP002305,Female,No,0,Graduate,No,4547,0,115,360,1,Semiurban,Y,4547,2059.72,0,Self-Employed
LP002308,Male,Yes,0,Not Graduate,No,2167,2400,115,360,1,Urban,Y,4567,1028.22,0,Unemployed
LP002314,Female,No,0,Not Graduate,No,2213,0,66,360,1,Rural,Y,2213,121.44,0,Salaried
LP002315,Male,Yes,1,Graduate,No,8300,0,152,300,0,Semiurban,N,8300,3796.6,1,Salaried
LP002317,Male,Yes,3+,Graduate,No,81000,0,360,360,0,Rural,N,81000,7377.4,1,Salaried
LP002318,Female,No,1,Not Graduate,Yes,3867,0,62,360,1,Semiurban,N,3867,749,1,Unemployed
LP002319,Male,Yes,0,Graduate,,6256,0,160,360,,Urban,Y,6256,2987.41,0,Unemployed
LP002328,Male,Yes,0,Not Graduate,No,6096,0,218,360,0,Rural,N,6096,2912.51,1,Salaried
LP002332,Male,Yes,0,Not Graduate,No,2253,2033,110,360,1,Rural,Y,4286,1320.29,1,Self-Employed
LP002335,Female,Yes,0,Not Graduate,No,2149,3237,178,360,0,Semiurban,N,5386,1800.68,0,Salaried
LP002337,Female,No,0,Graduate,No,2995,0,60,360,1,Urban,Y,2995,754.14,1,Salaried
LP002341,Female,No,1,Graduate,No,2600,0,160,360,1,Urban,N,2600,473.06,0,Salaried
LP002342,Male,Yes,2,Graduate,Yes,1600,20000,239,360,1,Urban,N,21600,4274.62,0,Self-Employed
LP002345,Male,Yes,0,Graduate,No,1025,2773,112,360,1,Rural,Y,3798,1339.3,0,Salaried
LP002347,Male,Yes,0,Graduate,No,3246,1417,138,360,1,Semiurban,Y,4663,1811.9,0,Self-Employed
LP002348,Male,Yes,0,Graduate,No,5829,0,138,360,1,Rural,Y,5829,2367.8,0,Self-Employed
LP002357,Female,No,0,Not Graduate,No,2720,0,80,,0,Urban,N,2720,1102.49,0,Self-Employed
LP002361,Male,Yes,0,Graduate,No,1820,1719,100,360,1,Urban,Y,3539,322.2,0,Salaried
LP002362,Male,Yes,1,Graduate,No,7250,1667,110,,0,Urban,N,8917,2429.79,1,Salaried
LP002364,Male,Yes,0,Graduate,No,14880,0,96,360,1,Semiurban,Y,14880,1129.41,0,Salaried
LP002366,Male,Yes,0,Graduate,No,2666,4300,121,360,1,Rural,Y,6966,2070.91,0,Salaried
LP002367,Female,No,1,Not Graduate,No,4606,0,81,360,1,Rural,N,4606,1145.46,0,Salaried
LP002368,Male,Yes,2,Graduate,No,5935,0,133,360,1,Semiurban,Y,5935,2667.59,1,Unemployed
LP002369,Male,Yes,0,Graduate,No,2920,16.12000084,87,360,1,Rural,Y,2936.120001,610.45,0,Salaried
LP002370,Male,No,0,Not Graduate,No,2717,0,60,180,1,Urban,Y,2717,278.98,0,Salaried
LP002377,Female,No,1,Graduate,Yes,8624,0,150,360,1,Semiurban,Y,8624,986.12,1,Salaried
LP002379,Male,No,0,Graduate,No,6500,0,105,360,0,Rural,N,6500,2552.42,0,Salaried
LP002386,Male,No,0,Graduate,,12876,0,405,360,1,Semiurban,Y,12876,4225.88,0,Salaried
LP002387,Male,Yes,0,Graduate,No,2425,2340,143,360,1,Semiurban,Y,4765,455.08,0,Salaried
LP002390,Male,No,0,Graduate,No,3750,0,100,360,1,Urban,Y,3750,329.43,1,Unemployed
LP002393,Female,,,Graduate,No,10047,0,,240,1,Semiurban,Y,10047,3671.54,0,Salaried
LP002398,Male,No,0,Graduate,No,1926,1851,50,360,1,Semiurban,Y,3777,312.52,1,Unemployed
LP002401,Male,Yes,0,Graduate,No,2213,1125,,360,1,Urban,Y,3338,1401.42,0,Self-Employed
LP002403,Male,No,0,Graduate,Yes,10416,0,187,360,0,Urban,N,10416,3831.1,1,Salaried
LP002407,Female,Yes,0,Not Graduate,Yes,7142,0,138,360,1,Rural,Y,7142,618.55,1,Unemployed
LP002408,Male,No,0,Graduate,No,3660,5064,187,360,1,Semiurban,Y,8724,769.26,1,Salaried
LP002409,Male,Yes,0,Graduate,No,7901,1833,180,360,1,Rural,Y,9734,4808.48,0,Self-Employed
LP002418,Male,No,3+,Not Graduate,No,4707,1993,148,360,1,Semiurban,Y,6700,1463.43,1,Salaried
LP002422,Male,No,1,Graduate,No,37719,0,152,360,1,Semiurban,Y,37719,8177.06,0,Self-Employed
LP002424,Male,Yes,0,Graduate,No,7333,8333,175,300,,Rural,Y,15666,6513.29,0,Self-Employed
LP002429,Male,Yes,1,Graduate,Yes,3466,1210,130,360,1,Rural,Y,4676,2227,0,Self-Employed
LP002434,Male,Yes,2,Not Graduate,No,4652,0,110,360,1,Rural,Y,4652,2296.69,1,Self-Employed
LP002435,Male,Yes,0,Graduate,,3539,1376,55,360,1,Rural,N,4915,1912.03,1,Salaried
LP002443,Male,Yes,2,Graduate,No,3340,1710,150,360,0,Rural,N,5050,1107.55,1,Salaried
LP002444,Male,No,1,Not Graduate,Yes,2769,1542,190,360,,Semiurban,N,4311,377.54,0,Salaried
LP002446,Male,Yes,2,Not Graduate,No,2309,1255,125,360,0,Rural,N,3564,1424.59,0,Salaried
LP002447,Male,Yes,2,Not Graduate,No,1958,1456,60,300,,Urban,Y,3414,1028.58,1,Salaried
LP002448,Male,Yes,0,Graduate,No,3948,1733,149,360,0,Rural,N,5681,1368.55,0,Salaried
LP002449,Male,Yes,0,Graduate,No,2483,2466,90,180,0,Rural,Y,4949,2265.95,0,Unemployed
LP002453,Male,No,0,Graduate,Yes,7085,0,84,360,1,Semiurban,Y,7085,708.78,0,Salaried
LP002455,Male,Yes,2,Graduate,No,3859,0,96,360,1,Semiurban,Y,3859,1048.42,0,Self-Employed
LP002459,Male,Yes,0,Graduate,No,4301,0,118,360,1,Urban,Y,4301,237.02,0,Salaried
LP002467,Male,Yes,0,Graduate,No,3708,2569,173,360,1,Urban,N,6277,1637.65,0,Self-Employed
LP002472,Male,No,2,Graduate,No,4354,0,136,360,1,Rural,Y,4354,328.02,0,Unemployed
LP002473,Male,Yes,0,Graduate,No,8334,0,160,360,1,Semiurban,N,8334,862.3,0,Salaried
LP002478,,Yes,0,Graduate,Yes,2083,4083,160,360,,Semiurban,Y,6166,634.4,1,Salaried
LP002484,Male,Yes,3+,Graduate,No,7740,0,128,180,1,Urban,Y,7740,2648.2,0,Self-Employed
LP002487,Male,Yes,0,Graduate,No,3015,2188,153,360,1,Rural,Y,5203,2006.9,0,Salaried
LP002489,Female,No,1,Not Graduate,,5191,0,132,360,1,Semiurban,Y,5191,1622.27,0,Salaried
LP002493,Male,No,0,Graduate,No,4166,0,98,360,0,Semiurban,N,4166,2012.08,0,Salaried
LP002494,Male,No,0,Graduate,No,6000,0,140,360,1,Rural,Y,6000,1312.15,1,Salaried
LP002500,Male,Yes,3+,Not Graduate,No,2947,1664,70,180,0,Urban,N,4611,823.39,1,Salaried
LP002501,,Yes,0,Graduate,No,16692,0,110,360,1,Semiurban,Y,16692,7359,0,Salaried
LP002502,Female,Yes,2,Not Graduate,,210,2917,98,360,1,Semiurban,Y,3127,470.98,0,Salaried
LP002505,Male,Yes,0,Graduate,No,4333,2451,110,360,1,Urban,N,6784,3279.73,1,Salaried
LP002515,Male,Yes,1,Graduate,Yes,3450,2079,162,360,1,Semiurban,Y,5529,306.69,1,Unemployed
LP002517,Male,Yes,1,Not Graduate,No,2653,1500,113,180,0,Rural,N,4153,2020.21,0,Salaried
LP002519,Male,Yes,3+,Graduate,No,4691,0,100,360,1,Semiurban,Y,4691,325.66,0,Unemployed
LP002522,Female,No,0,Graduate,Yes,2500,0,93,360,,Urban,Y,2500,1127.54,0,Salaried
LP002524,Male,No,2,Graduate,No,5532,4648,162,360,1,Rural,Y,10180,2926.4,1,Salaried
LP002527,Male,Yes,2,Graduate,Yes,16525,1014,150,360,1,Rural,Y,17539,8713.97,0,Salaried
LP002529,Male,Yes,2,Graduate,No,6700,1750,230,300,1,Semiurban,Y,8450,703.11,1,Salaried
LP002530,,Yes,2,Graduate,No,2873,1872,132,360,0,Semiurban,N,4745,1419.87,0,Salaried
LP002531,Male,Yes,1,Graduate,Yes,16667,2250,86,360,1,Semiurban,Y,18917,9197.18,0,Salaried
LP002533,Male,Yes,2,Graduate,No,2947,1603,,360,1,Urban,N,4550,1298.54,0,Salaried
LP002534,Female,No,0,Not Graduate,No,4350,0,154,360,1,Rural,Y,4350,1449.55,0,Salaried
LP002536,Male,Yes,3+,Not Graduate,No,3095,0,113,360,1,Rural,Y,3095,1123.75,0,Salaried
LP002537,Male,Yes,0,Graduate,No,2083,3150,128,360,1,Semiurban,Y,5233,1332.03,0,Salaried
LP002541,Male,Yes,0,Graduate,No,10833,0,234,360,1,Semiurban,Y,10833,3600.9,0,Salaried
LP002543,Male,Yes,2,Graduate,No,8333,0,246,360,1,Semiurban,Y,8333,2607.74,1,Self-Employed
LP002544,Male,Yes,1,Not Graduate,No,1958,2436,131,360,1,Rural,Y,4394,2001.56,0,Salaried
LP002545,Male,No,2,Graduate,No,3547,0,80,360,0,Rural,N,3547,249.89,0,Salaried
LP002547,Male,Yes,1,Graduate,No,18333,0,500,360,1,Urban,N,18333,3234.55,1,Unemployed
LP002555,Male,Yes,2,Graduate,Yes,4583,2083,160,360,1,Semiurban,Y,6666,3184.25,1,Salaried
LP002556,Male,No,0,Graduate,No,2435,0,75,360,1,Urban,N,2435,1097.26,1,Salaried
LP002560,Male,No,0,Not Graduate,No,2699,2785,96,360,,Semiurban,Y,5484,1398.67,1,Unemployed
LP002562,Male,Yes,1,Not Graduate,No,5333,1131,186,360,,Urban,Y,6464,2127.04,0,Salaried
LP002571,Male,No,0,Not Graduate,No,3691,0,110,360,1,Rural,Y,3691,645.27,0,Salaried
LP002582,Female,No,0,Not Graduate,Yes,17263,0,225,360,1,Semiurban,Y,17263,2324.54,1,Salaried
LP002585,Male,Yes,0,Graduate,No,3597,2157,119,360,0,Rural,N,5754,1488.35,0,Salaried
LP002586,Female,Yes,1,Graduate,No,3326,913,105,84,1,Semiurban,Y,4239,885.99,0,Salaried
LP002587,Male,Yes,0,Not Graduate,No,2600,1700,107,360,1,Rural,Y,4300,1344.37,1,Salaried
LP002588,Male,Yes,0,Graduate,No,4625,2857,111,12,,Urban,Y,7482,635.82,0,Salaried
LP002600,Male,Yes,1,Graduate,Yes,2895,0,95,360,1,Semiurban,Y,2895,1414.14,0,Salaried
LP002602,Male,No,0,Graduate,No,6283,4416,209,360,0,Rural,N,10699,5283.11,0,Unemployed
LP002603,Female,No,0,Graduate,No,645,3683,113,480,1,Rural,Y,4328,1576.14,0,Self-Employed
LP002606,Female,No,0,Graduate,No,3159,0,100,360,1,Semiurban,Y,3159,920.04,0,Salaried
LP002615,Male,Yes,2,Graduate,No,4865,5624,208,360,1,Semiurban,Y,10489,1985.44,0,Salaried
LP002618,Male,Yes,1,Not Graduate,No,4050,5302,138,360,,Rural,N,9352,3892.37,1,Salaried
LP002619,Male,Yes,0,Not Graduate,No,3814,1483,124,300,1,Semiurban,Y,5297,1897.01,0,Salaried
LP002622,Male,Yes,2,Graduate,No,3510,4416,243,360,1,Rural,Y,7926,976.31,0,Salaried
LP002624,Male,Yes,0,Graduate,No,20833,6667,480,360,,Urban,Y,27500,12647.72,1,Salaried
LP002625,,No,0,Graduate,No,3583,0,96,360,1,Urban,N,3583,1505.37,1,Self-Employed
LP002626,Male,Yes,0,Graduate,Yes,2479,3013,188,360,1,Urban,Y,5492,2621.94,1,Salaried
LP002634,Female,No,1,Graduate,No,13262,0,40,360,1,Urban,Y,13262,4994.12,1,Salaried
LP002637,Male,No,0,Not Graduate,No,3598,1287,100,360,1,Rural,N,4885,1592.69,0,Salaried
LP002640,Male,Yes,1,Graduate,No,6065,2004,250,360,1,Semiurban,Y,8069,1922.11,0,Salaried
LP002643,Male,Yes,2,Graduate,No,3283,2035,148,360,1,Urban,Y,5318,2498.01,0,Self-Employed
LP002648,Male,Yes,0,Graduate,No,2130,6666,70,180,1,Semiurban,N,8796,3867.85,0,Self-Employed
LP002652,Male,No,0,Graduate,No,5815,3666,311,360,1,Rural,N,9481,666.97,0,Self-Employed
LP002659,Male,Yes,3+,Graduate,No,3466,3428,150,360,1,Rural,Y,6894,426.5,0,Salaried
LP002670,Female,Yes,2,Graduate,No,2031,1632,113,480,1,Semiurban,Y,3663,803.69,1,Salaried
LP002682,Male,Yes,,Not Graduate,No,3074,1800,123,360,0,Semiurban,N,4874,2021.49,0,Salaried
LP002683,Male,No,0,Graduate,No,4683,1915,185,360,1,Semiurban,N,6598,3261.22,0,Salaried
LP002684,Female,No,0,Not Graduate,No,3400,0,95,360,1,Rural,N,3400,400.14,0,Salaried
LP002689,Male,Yes,2,Not Graduate,No,2192,1742,45,360,1,Semiurban,Y,3934,1248.49,0,Self-Employed
LP002690,Male,No,0,Graduate,No,2500,0,55,360,1,Semiurban,Y,2500,553.5,0,Salaried
LP002692,Male,Yes,3+,Graduate,Yes,5677,1424,100,360,1,Rural,Y,7101,3454.36,1,Salaried
LP002693,Male,Yes,2,Graduate,Yes,7948,7166,480,360,1,Rural,Y,15114,6483.2,0,Salaried
LP002697,Male,No,0,Graduate,No,4680,2087,,360,1,Semiurban,N,6767,2891.19,0,Salaried
LP002699,Male,Yes,2,Graduate,Yes,17500,0,400,360,1,Rural,Y,17500,4565.96,0,Salaried
LP002705,Male,Yes,0,Graduate,No,3775,0,110,360,1,Semiurban,Y,3775,893.42,1,Unemployed
LP002706,Male,Yes,1,Not Graduate,No,5285,1430,161,360,0,Semiurban,Y,6715,1161.92,0,Self-Employed
LP002714,Male,No,1,Not Graduate,No,2679,1302,94,360,1,Semiurban,Y,3981,300.04,0,Unemployed
LP002716,Male,No,0,Not Graduate,No,6783,0,130,360,1,Semiurban,Y,6783,2978.59,0,Salaried
LP002717,Male,Yes,0,Graduate,No,1025,5500,216,360,,Rural,Y,6525,2713.13,0,Salaried
LP002720,Male,Yes,3+,Graduate,No,4281,0,100,360,1,Urban,Y,4281,2139.96,1,Salaried
LP002723,Male,No,2,Graduate,No,3588,0,110,360,0,Rural,N,3588,1788.57,1,Salaried
LP002729,Male,No,1,Graduate,No,11250,0,196,360,,Semiurban,N,11250,3374.37,0,Self-Employed
LP002731,Female,No,0,Not Graduate,Yes,18165,0,125,360,1,Urban,Y,18165,7194.15,1,Salaried
LP002732,Male,No,0,Not Graduate,,2550,2042,126,360,1,Rural,Y,4592,2181.86,1,Salaried
LP002734,Male,Yes,0,Graduate,No,6133,3906,324,360,1,Urban,Y,10039,4340.27,1,Salaried
LP002738,Male,No,2,Graduate,No,3617,0,107,360,1,Semiurban,Y,3617,583.45,1,Salaried
LP002739,Male,Yes,0,Not Graduate,No,2917,536,66,360,1,Rural,N,3453,872.73,0,Self-Employed
LP002740,Male,Yes,3+,Graduate,No,6417,0,157,180,1,Rural,Y,6417,693.82,0,Salaried
LP002741,Female,Yes,1,Graduate,No,4608,2845,140,180,1,Semiurban,Y,7453,3572.39,0,Salaried
LP002743,Female,No,0,Graduate,No,2138,0,99,360,0,Semiurban,N,2138,690.1,1,Salaried
LP002753,Female,No,1,Graduate,,3652,0,95,360,1,Semiurban,Y,3652,558.35,0,Salaried
LP002755,Male,Yes,1,Not Graduate,No,2239,2524,128,360,1,Urban,Y,4763,1677.84,1,Self-Employed
LP002757,Female,Yes,0,Not Graduate,No,3017,663,102,360,,Semiurban,Y,3680,1207.62,1,Self-Employed
LP002767,Male,Yes,0,Graduate,No,2768,1950,155,360,1,Rural,Y,4718,996.32,0,Unemployed
LP002768,Male,No,0,Not Graduate,No,3358,0,80,36,1,Semiurban,N,3358,339.5,1,Self-Employed
LP002772,Male,No,0,Graduate,No,2526,1783,145,360,1,Rural,Y,4309,1517.66,0,Salaried
LP002776,Female,No,0,Graduate,No,5000,0,103,360,0,Semiurban,N,5000,1420.69,0,Salaried
LP002777,Male,Yes,0,Graduate,No,2785,2016,110,360,1,Rural,Y,4801,1908.61,1,Salaried
LP002778,Male,Yes,2,Graduate,Yes,6633,0,,360,0,Rural,N,6633,1884.26,0,Salaried
LP002784,Male,Yes,1,Not Graduate,No,2492,2375,,360,1,Rural,Y,4867,2109.76,1,Self-Employed
LP002785,Male,Yes,1,Graduate,No,3333,3250,158,360,1,Urban,Y,6583,1964.09,1,Salaried
LP002788,Male,Yes,0,Not Graduate,No,2454,2333,181,360,0,Urban,N,4787,1447.69,0,Unemployed
LP002789,Male,Yes,0,Graduate,No,3593,4266,132,180,0,Rural,N,7859,3493.28,0,Salaried
LP002792,Male,Yes,1,Graduate,No,5468,1032,26,360,1,Semiurban,Y,6500,1505.19,0,Salaried
LP002794,Female,No,0,Graduate,No,2667,1625,84,360,,Urban,Y,4292,473.44,0,Salaried
LP002795,Male,Yes,3+,Graduate,Yes,10139,0,260,360,1,Semiurban,Y,10139,638.27,1,Self-Employed
LP002798,Male,Yes,0,Graduate,No,3887,2669,162,360,1,Semiurban,Y,6556,2555.61,0,Salaried
LP002804,Female,Yes,0,Graduate,No,4180,2306,182,360,1,Semiurban,Y,6486,2134.8,0,Salaried
LP002807,Male,Yes,2,Not Graduate,No,3675,242,108,360,1,Semiurban,Y,3917,1436.9,0,Salaried
LP002813,Female,Yes,1,Graduate,Yes,19484,0,600,360,1,Semiurban,Y,19484,2841.43,0,Salaried
LP002820,Male,Yes,0,Graduate,No,5923,2054,211,360,1,Rural,Y,7977,888.38,1,Salaried
LP002821,Male,No,0,Not Graduate,Yes,5800,0,132,360,1,Semiurban,Y,5800,327.96,0,Self-Employed
LP002832,Male,Yes,2,Graduate,No,8799,0,258,360,0,Urban,N,8799,1828.12,1,Salaried
LP002833,Male,Yes,0,Not Graduate,No,4467,0,120,360,,Rural,Y,4467,1409.17,0,Salaried
LP002836,Male,No,0,Graduate,No,3333,0,70,360,1,Urban,Y,3333,754.96,1,Salaried
LP002837,Male,Yes,3+,Graduate,No,3400,2500,123,360,0,Rural,N,5900,1456.5,0,Salaried
LP002840,Female,No,0,Graduate,No,2378,0,9,360,1,Urban,N,2378,1086.44,0,Self-Employed
LP002841,Male,Yes,0,Graduate,No,3166,2064,104,360,0,Urban,N,5230,1081.12,1,Salaried
LP002842,Male,Yes,1,Graduate,No,3417,1750,186,360,1,Urban,Y,5167,1453.45,0,Salaried
LP002847,Male,Yes,,Graduate,No,5116,1451,165,360,0,Urban,N,6567,2644.16,1,Salaried
LP002855,Male,Yes,2,Graduate,No,16666,0,275,360,1,Urban,Y,16666,3807.25,0,Unemployed
LP002862,Male,Yes,2,Not Graduate,No,6125,1625,187,480,1,Semiurban,N,7750,2557.03,0,Self-Employed
LP002863,Male,Yes,3+,Graduate,No,6406,0,150,360,1,Semiurban,N,6406,2806.24,0,Salaried
LP002868,Male,Yes,2,Graduate,No,3159,461,108,84,1,Urban,Y,3620,1727.77,1,Salaried
LP002872,,Yes,0,Graduate,No,3087,2210,136,360,0,Semiurban,N,5297,615.42,0,Salaried
LP002874,Male,No,0,Graduate,No,3229,2739,110,360,1,Urban,Y,5968,2786.84,0,Self-Employed
LP002877,Male,Yes,1,Graduate,No,1782,2232,107,360,1,Rural,Y,4014,1089.61,0,Salaried
LP002888,Male,No,0,Graduate,,3182,2917,161,360,1,Urban,Y,6099,1013.71,0,Salaried
LP002892,Male,Yes,2,Graduate,No,6540,0,205,360,1,Semiurban,Y,6540,1678.24,0,Salaried
LP002893,Male,No,0,Graduate,No,1836,33837,90,360,1,Urban,N,35673,17515.97,1,Salaried
LP002894,Female,Yes,0,Graduate,No,3166,0,36,360,1,Semiurban,Y,3166,860.13,1,Salaried
LP002898,Male,Yes,1,Graduate,No,1880,0,61,360,,Rural,N,1880,372.12,1,Self-Employed
LP002911,Male,Yes,1,Graduate,No,2787,1917,146,360,0,Rural,N,4704,1575.98,1,Salaried
LP002912,Male,Yes,1,Graduate,No,4283,3000,172,84,1,Rural,N,7283,1151.19,0,Salaried
LP002916,Male,Yes,0,Graduate,No,2297,1522,104,360,1,Urban,Y,3819,321.32,1,Salaried
LP002917,Female,No,0,Not Graduate,No,2165,0,70,360,1,Semiurban,Y,2165,233.81,0,Unemployed
LP002925,,No,0,Graduate,No,4750,0,94,360,1,Semiurban,Y,4750,511.2,0,Salaried
LP002926,Male,Yes,2,Graduate,Yes,2726,0,106,360,0,Semiurban,N,2726,322.64,0,Self-Employed
LP002928,Male,Yes,0,Graduate,No,3000,3416,56,180,1,Semiurban,Y,6416,721.62,0,Salaried
LP002931,Male,Yes,2,Graduate,Yes,6000,0,205,240,1,Semiurban,N,6000,2030.36,1,Salaried
LP002933,,No,3+,Graduate,Yes,9357,0,292,360,1,Semiurban,Y,9357,1233.68,0,Salaried
LP002936,Male,Yes,0,Graduate,No,3859,3300,142,180,1,Rural,Y,7159,1471.53,0,Salaried
LP002938,Male,Yes,0,Graduate,Yes,16120,0,260,360,1,Urban,Y,16120,7311.3,0,Salaried
LP002940,Male,No,0,Not Graduate,No,3833,0,110,360,1,Rural,Y,3833,1009.16,1,Self-Employed
LP002941,Male,Yes,2,Not Graduate,Yes,6383,1000,187,360,1,Rural,N,7383,2587.01,0,Salaried
LP002943,Male,No,,Graduate,No,2987,0,88,360,0,Semiurban,N,2987,380.97,0,Salaried
LP002945,Male,Yes,0,Graduate,Yes,9963,0,180,360,1,Rural,Y,9963,1360.25,0,Salaried
LP002948,Male,Yes,2,Graduate,No,5780,0,192,360,1,Urban,Y,5780,395.3,1,Unemployed
LP002949,Female,No,3+,Graduate,,416,41667,350,180,,Urban,N,42083,5303.33,0,Self-Employed
LP002950,Male,Yes,0,Not Graduate,,2894,2792,155,360,1,Rural,Y,5686,997.13,0,Salaried
LP002953,Male,Yes,3+,Graduate,No,5703,0,128,360,1,Urban,Y,5703,739.42,0,Unemployed
LP002958,Male,No,0,Graduate,No,3676,4301,172,360,1,Rural,Y,7977,717.26,0,Salaried
LP002959,Female,Yes,1,Graduate,No,12000,0,496,360,1,Semiurban,Y,12000,1251.43,0,Salaried
LP002960,Male,Yes,0,Not Graduate,No,2400,3800,,180,1,Urban,N,6200,1595.57,0,Self-Employed
LP002961,Male,Yes,1,Graduate,No,3400,2500,173,360,1,Semiurban,Y,5900,842.82,1,Self-Employed
LP002964,Male,Yes,2,Not Graduate,No,3987,1411,157,360,1,Rural,Y,5398,1154.75,0,Salaried
LP002974,Male,Yes,0,Graduate,No,3232,1950,108,360,1,Rural,Y,5182,1433.02,0,Salaried
LP002978,Female,No,0,Graduate,No,2900,0,71,360,1,Rural,Y,2900,1045.97,1,Salaried
LP002979,Male,Yes,3+,Graduate,No,4106,0,40,180,1,Rural,Y,4106,277.94,0,Unemployed
LP002983,Male,Yes,1,Graduate,No,8072,240,253,360,1,Urban,Y,8312,3405.71,0,Salaried
LP002984,Male,Yes,2,Graduate,No,7583,0,187,360,1,Urban,Y,7583,2521.77,0,Salaried
LP002990,Female,No,0,Graduate,Yes,4583,0,133,360,0,Semiurban,N,4583,397.77,0,Salaried
